{"valueType":"lists","values":[{"_typeName":"Location","id":"Location0","boundary":[0,0,0,0]},{"_typeName":"Location","id":"Location1","boundary":[0,0,0,0]},{"_typeName":"Location","id":"Location2","boundary":[0,0,0,0]},{"_typeName":"Location","id":"Location3","boundary":[0,0,0,0]},{"_typeName":"Location","id":"Location4","boundary":[0,0,0,0]},{"_typeName":"Location","id":"Location5","boundary":[0,0,0,0]},{"_typeName":"Location","id":"Location6","boundary":[0,0,0,0]},{"_typeName":"Location","id":"Location7","boundary":[0,0,0,0]},{"_typeName":"Location","id":"Location8","boundary":[0,0,0,0]},{"_typeName":"Location","id":"Location9","boundary":[0,0,0,0]},{"_typeName":"Location","id":"Location10","boundary":[0,0,0,0]},{"_typeName":"Location","id":"Location11","boundary":[0,0,0,0]},{"_typeName":"Location","id":"Location12","boundary":[0,0,0,0]},{"_typeName":"Location","id":"Location13","boundary":[0,0,0,0]},{"_typeName":"Location","id":"Location14","boundary":[0,0,0,0]},{"_typeName":"Location","id":"Location15","boundary":[0,0,0,0]},{"_typeName":"Location","id":"Location16","boundary":[0,0,0,0]},{"_typeName":"Location","id":"Location17","boundary":[0,0,0,0]},{"_typeName":"Location","id":"Location18","boundary":[0,0,0,0]},{"_typeName":"Location","id":"Location19","boundary":[0,0,0,0]},{"_typeName":"Location","id":"Location20","boundary":[0,0,0,0]},{"_typeName":"Location","id":"Location21","boundary":[0,0,0,0]},{"_typeName":"Location","id":"Location22","boundary":[0,0,0,0]},{"_typeName":"Location","id":"Location23","boundary":[0,0,0,0]},{"_typeName":"Location","id":"Location24","boundary":[0,0,0,0]},{"_typeName":"Location","id":"Location25","boundary":[0,0,0,0]},{"_typeName":"Location","id":"Location26","boundary":[0,0,0,0]},{"_typeName":"Location","id":"Location27","boundary":[0,0,0,0]},{"_typeName":"Location","id":"Location28","boundary":[0,0,0,0]},{"_typeName":"Location","id":"Location29","boundary":[0,0,0,0]},{"_typeName":"Location","id":"Location30","boundary":[0,0,0,0]},{"_typeName":"Location","id":"Location31","boundary":[0,0,0,0]},{"_typeName":"Location","id":"Location32","boundary":[0,0,0,0]},{"_typeName":"Location","id":"Location33","boundary":[0,0,0,0]},{"_typeName":"Location","id":"Location34","boundary":[0,0,0,0]},{"_typeName":"Location","id":"Location35","boundary":[0,0,0,0]},{"_typeName":"Location","id":"Location36","boundary":[0,0,0,0]},{"_typeName":"Location","id":"Location37","boundary":[0,0,0,0]},{"_typeName":"Location","id":"Location38","boundary":[0,0,0,0]},{"_typeName":"Location","id":"Location39","boundary":[0,0,0,0]},{"_typeName":"Location","id":"Location40","boundary":[0,0,0,0]},{"_typeName":"Location","id":"Location41","boundary":[0,0,0,0]},{"_typeName":"Location","id":"Location42","boundary":[0,0,0,0]},{"_typeName":"Location","id":"Location43","boundary":[0,0,0,0]},{"_typeName":"Location","id":"Location44","boundary":[0,0,0,0]},{"_typeName":"Location","id":"Location45","boundary":[0,0,0,0]},{"_typeName":"Location","id":"Location46","boundary":[0,0,0,0]},{"_typeName":"Location","id":"Location47","boundary":[0,0,0,0]},{"_typeName":"Location","id":"Location48","boundary":[0,0,0,0]},{"_typeName":"Location","id":"Location49","boundary":[0,0,0,0]},{"_typeName":"Location","id":"Location50","boundary":[0,0,0,0]},{"_typeName":"Location","id":"Location51","boundary":[0,0,0,0]},{"_typeName":"Location","id":"Location52","boundary":[0,0,0,0]},{"_typeName":"Location","id":"Location53","boundary":[0,0,0,0]},{"_typeName":"Location","id":"Location54","boundary":[0,0,0,0]},{"_typeName":"Location","id":"Location55","boundary":[0,0,0,0]},{"_typeName":"Location","id":"Location56","boundary":[0,0,0,0]},{"_typeName":"Location","id":"Location57","boundary":[0,0,0,0]},{"_typeName":"Location","id":"Location58","boundary":[0,0,0,0]},{"_typeName":"Location","id":"Location59","boundary":[0,0,0,0]},{"_typeName":"Location","id":"Location60","boundary":[0,0,0,0]},{"_typeName":"Location","id":"Location61","boundary":[0,0,0,0]},{"_typeName":"Location","id":"Location62","boundary":[0,0,0,0]},{"_typeName":"Location","id":"Location63","boundary":[0,0,0,0]},{"_typeName":"Location","id":"Location64","boundary":[0,0,0,0]},{"_typeName":"Location","id":"Location65","boundary":[0,0,0,0]},{"_typeName":"Location","id":"Location66","boundary":[0,0,0,0]},{"_typeName":"Location","id":"Location67","boundary":[0,0,0,0]},{"_typeName":"Location","id":"Location68","boundary":[0,0,0,0]},{"_typeName":"Location","id":"Location69","boundary":[0,0,0,0]},{"_typeName":"Location","id":"Location70","boundary":[0,0,0,0]},{"_typeName":"Location","id":"Location71","boundary":[0,0,0,0]},{"_typeName":"Location","id":"Location72","boundary":[0,0,0,0]},{"_typeName":"Location","id":"Location73","boundary":[0,0,0,0]},{"_typeName":"Location","id":"Location74","boundary":[0,0,0,0]},{"_typeName":"Location","id":"Location75","boundary":[0,0,0,0]},{"_typeName":"Location","id":"Location76","boundary":[0,0,0,0]},{"_typeName":"Location","id":"Location77","boundary":[0,0,0,0]},{"_typeName":"Location","id":"Location78","boundary":[0,0,0,0]},{"_typeName":"Location","id":"Location79","boundary":[0,0,0,0]},{"_typeName":"Location","id":"Location80","boundary":[0,0,0,0]},{"_typeName":"Location","id":"Location81","boundary":[0,0,0,0]},{"_typeName":"Location","id":"Location82","boundary":[0,0,0,0]},{"_typeName":"Location","id":"Location83","boundary":[0,0,0,0]},{"_typeName":"Location","id":"Location84","boundary":[0,0,0,0]},{"_typeName":"Location","id":"Location85","boundary":[0,0,0,0]},{"_typeName":"Location","id":"Location86","boundary":[0,0,0,0]},{"_typeName":"Location","id":"Location87","boundary":[0,0,0,0]},{"_typeName":"Location","id":"Location88","boundary":[0,0,0,0]},{"_typeName":"Location","id":"Location89","boundary":[0,0,0,0]},{"_typeName":"Location","id":"Location90","boundary":[0,0,0,0]},{"_typeName":"Location","id":"Location91","boundary":[0,0,0,0]},{"_typeName":"Location","id":"Location92","boundary":[0,0,0,0]},{"_typeName":"Location","id":"Location93","boundary":[0,0,0,0]},{"_typeName":"Location","id":"Location94","boundary":[0,0,0,0]},{"_typeName":"Location","id":"Location95","boundary":[0,0,0,0]},{"_typeName":"Location","id":"Location96","boundary":[0,0,0,0]},{"_typeName":"Location","id":"Location97","boundary":[0,0,0,0]},{"_typeName":"Location","id":"Location98","boundary":[0,0,0,0]},{"_typeName":"Location","id":"Location99","boundary":[0,0,0,0]},{"_typeName":"Location","id":"Location100","boundary":[0,0,0,0]},{"_typeName":"Location","id":"Location101","boundary":[0,0,0,0]},{"_typeName":"Location","id":"Location102","boundary":[0,0,0,0]},{"_typeName":"Location","id":"Location103","boundary":[0,0,0,0]},{"_typeName":"Location","id":"Location104","boundary":[0,0,0,0]},{"_typeName":"Location","id":"Location105","boundary":[0,0,0,0]},{"_typeName":"Location","id":"Location106","boundary":[0,0,0,0]},{"_typeName":"Location","id":"Location107","boundary":[0,0,0,0]},{"_typeName":"Location","id":"Location108","boundary":[0,0,0,0]},{"_typeName":"Location","id":"Location109","boundary":[0,0,0,0]},{"_typeName":"Location","id":"Location110","boundary":[0,0,0,0]},{"_typeName":"Location","id":"Location111","boundary":[0,0,0,0]},{"_typeName":"Location","id":"Location112","boundary":[0,0,0,0]},{"_typeName":"Location","id":"Location113","boundary":[0,0,0,0]},{"_typeName":"Location","id":"Location114","boundary":[0,0,0,0]},{"_typeName":"Location","id":"Location115","boundary":[0,0,0,0]},{"_typeName":"Location","id":"Location116","boundary":[0,0,0,0]},{"_typeName":"Location","id":"Location117","boundary":[0,0,0,0]},{"_typeName":"Location","id":"Location118","boundary":[0,0,0,0]},{"_typeName":"Location","id":"Location119","boundary":[0,0,0,0]},{"_typeName":"Location","id":"Location120","boundary":[0,0,0,0]},{"_typeName":"Location","id":"Location121","boundary":[0,0,0,0]},{"_typeName":"Location","id":"Location122","boundary":[0,0,0,0]},{"_typeName":"Location","id":"Location123","boundary":[0,0,0,0]},{"_typeName":"Location","id":"Location124","boundary":[0,0,0,0]},{"_typeName":"Location","id":"Location125","boundary":[0,0,0,0]},{"_typeName":"Location","id":"Location126","boundary":[0,0,0,0]},{"_typeName":"Location","id":"Location127","boundary":[0,0,0,0]},{"_typeName":"Location","id":"Location128","boundary":[0,0,0,0]},{"_typeName":"Location","id":"Location129","boundary":[0,0,0,0]},{"_typeName":"Location","id":"Location130","boundary":[0,0,0,0]},{"_typeName":"Location","id":"Location131","boundary":[0,0,0,0]},{"_typeName":"Location","id":"Location132","boundary":[0,0,0,0]},{"_typeName":"Location","id":"Location133","boundary":[0,0,0,0]},{"_typeName":"Location","id":"Location134","boundary":[0,0,0,0]},{"_typeName":"Location","id":"Location135","boundary":[0,0,0,0]},{"_typeName":"Location","id":"Location136","boundary":[0,0,0,0]},{"_typeName":"Location","id":"Location137","boundary":[0,0,0,0]},{"_typeName":"Location","id":"Location138","boundary":[0,0,0,0]},{"_typeName":"Location","id":"Location139","boundary":[0,0,0,0]},{"_typeName":"Location","id":"Location140","boundary":[0,0,0,0]},{"_typeName":"Location","id":"Location141","boundary":[0,0,0,0]},{"_typeName":"Location","id":"Location142","boundary":[0,0,0,0]},{"_typeName":"Location","id":"Location143","boundary":[0,0,0,0]},{"_typeName":"Location","id":"Location144","boundary":[0,0,0,0]},{"_typeName":"Location","id":"Location145","boundary":[0,0,0,0]},{"_typeName":"Location","id":"Location146","boundary":[0,0,0,0]},{"_typeName":"Location","id":"Location147","boundary":[0,0,0,0]},{"_typeName":"Location","id":"Location148","boundary":[0,0,0,0]},{"_typeName":"Location","id":"Location149","boundary":[0,0,0,0]},{"_typeName":"Location","id":"Location150","boundary":[0,0,0,0]},{"_typeName":"Location","id":"Location151","boundary":[0,0,0,0]},{"_typeName":"Location","id":"Location152","boundary":[0,0,0,0]},{"_typeName":"Location","id":"Location153","boundary":[0,0,0,0]},{"_typeName":"Location","id":"Location154","boundary":[0,0,0,0]},{"_typeName":"Location","id":"Location155","boundary":[0,0,0,0]},{"_typeName":"Location","id":"Location156","boundary":[0,0,0,0]},{"_typeName":"Location","id":"Location157","boundary":[0,0,0,0]}]}